"itempricingid","brcode","iteminfoid","pricecodeid","price","encodedon","encodedby","editedby","editedon"
17,1,1,2,124.00,"2019-10-24 23:20:34","admin","admin","2019-10-26 11:47:29"
18,1,2,1,123.00,"2019-10-24 23:22:10","admin","",""
19,1,2,2,155.00,"2019-10-24 23:22:16","admin","",""
20,1,1,4,111.00,"2019-10-26 11:50:32","admin","",""
21,1,1,5,166.00,"2019-10-26 11:50:38","admin","",""
22,1,1,1,110.00,"2019-11-16 19:10:32","admin","admin","2020-09-06 22:10:42"
23,1,2,3,160.00,"2019-12-12 23:55:28","admin","",""
24,1,3,1,1000.00,"2019-12-12 23:56:11","admin","",""
25,1,3,2,1200.00,"2019-12-12 23:56:27","admin","",""
26,1,4,1,123.00,"2019-12-13 00:17:11","admin","",""
27,1,4,2,124.00,"2019-12-13 00:17:19","admin","",""
28,1,4,3,127.00,"2019-12-13 00:17:25","admin","",""
29,1,5,1,123.00,"2019-12-13 00:18:21","admin","",""
30,1,5,2,144.00,"2019-12-13 00:18:28","admin","",""
31,1,5,3,166.00,"2019-12-13 00:18:36","admin","",""
32,1,6,1,123.00,"2019-12-13 00:39:59","admin","",""
33,1,6,2,129.00,"2019-12-13 00:45:08","admin","",""
34,1,8,3,123.00,"2020-09-06 09:39:27","admin","",""
35,1,8,1,33.00,"2020-09-06 09:40:29","admin","",""
36,1,7,1,1.00,"2020-09-18 19:40:54","admin","",""
37,1,9,1,1.00,"2020-09-18 19:40:59","admin","",""
38,1,10,1,1.00,"2020-09-18 19:41:02","admin","",""
39,1,11,1,1.00,"2020-09-18 19:41:05","admin","",""
40,1,12,1,1.00,"2020-09-18 19:41:08","admin","",""
41,1,13,1,1.00,"2020-09-18 19:41:11","admin","",""
42,1,14,1,1.00,"2020-09-18 19:41:16","admin","",""
43,1,15,1,1.00,"2020-09-18 19:41:19","admin","",""
44,1,16,1,1.00,"2020-09-18 19:41:22","admin","",""
45,1,17,1,1.00,"2020-09-18 19:41:26","admin","",""
46,1,18,1,1.00,"2020-09-18 19:41:29","admin","",""
47,1,19,1,1.00,"2020-09-18 19:41:32","admin","",""
48,1,20,1,1.00,"2020-09-18 19:41:35","admin","",""
49,1,21,1,1.00,"2020-09-18 19:41:38","admin","",""
50,1,22,1,1.00,"2020-09-18 19:41:41","admin","",""
51,1,23,1,1.00,"2020-09-18 19:41:43","admin","",""
52,1,24,1,1.00,"2020-09-18 19:41:46","admin","",""
53,1,25,1,1.00,"2020-09-18 19:41:48","admin","",""
54,1,26,1,1.00,"2020-09-18 19:41:51","admin","",""
55,1,27,1,1.00,"2020-09-18 19:41:54","admin","",""
56,1,28,1,1.00,"2020-09-18 19:41:57","admin","",""
57,1,29,1,1.00,"2020-09-18 19:42:00","admin","",""
58,1,30,1,1.00,"2020-09-18 19:42:02","admin","",""
59,1,31,1,1.00,"2020-09-18 19:42:05","admin","",""
60,1,32,1,1.00,"2020-09-18 19:42:07","admin","",""
61,1,33,1,1.00,"2020-09-18 19:42:10","admin","",""
62,1,34,1,1.00,"2020-09-18 19:42:12","admin","",""
63,1,35,1,1.00,"2020-09-18 19:42:24","admin","",""
64,1,36,1,1.00,"2020-09-18 19:42:27","admin","",""
65,1,37,1,1.00,"2020-09-18 19:42:30","admin","",""
66,1,38,1,1.00,"2020-09-18 19:42:33","admin","",""
67,1,39,1,1.00,"2020-09-18 19:42:37","admin","",""
68,1,40,1,1.00,"2020-09-18 19:42:39","admin","",""
69,1,41,1,1.00,"2020-09-18 19:42:42","admin","",""
70,1,42,1,1.00,"2020-09-18 19:42:44","admin","",""
71,1,43,1,1.00,"2020-09-18 19:42:46","admin","",""
72,1,44,1,1.00,"2020-09-18 19:42:48","admin","",""
73,1,45,1,1.00,"2020-09-18 19:42:51","admin","",""
74,1,46,1,1.00,"2020-09-18 19:42:54","admin","",""
75,1,47,1,1.00,"2020-09-18 19:42:57","admin","",""
76,1,48,1,1.00,"2020-09-18 19:45:15","admin","",""
77,1,49,1,1.00,"2020-09-18 19:45:18","admin","",""
78,1,50,1,1.00,"2020-09-18 19:45:21","admin","",""
79,1,51,1,1.00,"2020-09-18 19:45:24","admin","",""
80,1,52,1,1.00,"2020-09-18 19:45:27","admin","",""
81,1,53,1,1.00,"2020-09-18 19:45:29","admin","",""
82,1,54,1,1.00,"2020-09-18 19:45:32","admin","",""
83,1,55,1,1.00,"2020-09-18 19:45:36","admin","",""
84,1,56,1,1.00,"2020-09-18 19:45:38","admin","",""
85,1,57,1,1.00,"2020-09-18 19:45:41","admin","",""
86,1,58,1,1.00,"2020-09-18 19:45:43","admin","",""
87,1,59,1,1.00,"2020-09-18 19:45:46","admin","",""
88,1,60,1,1.00,"2020-09-18 19:45:49","admin","",""
89,1,61,1,1.00,"2020-09-18 19:45:57","admin","",""
90,1,62,1,1.00,"2020-09-18 19:46:00","admin","",""
91,1,63,1,1.00,"2020-09-18 19:46:16","admin","",""
92,1,64,1,1.00,"2020-09-18 19:46:18","admin","",""
93,1,65,1,1.00,"2020-09-18 19:46:21","admin","",""
94,1,66,1,1.00,"2020-09-18 19:46:23","admin","",""
95,1,67,1,1.00,"2020-09-18 19:46:25","admin","",""
96,1,68,1,1.00,"2020-09-18 19:46:28","admin","",""
97,1,69,1,1.00,"2020-09-18 19:47:01","admin","",""
98,1,70,1,1.00,"2020-09-18 19:47:04","admin","",""
99,1,71,1,1.00,"2020-09-18 19:47:07","admin","",""
100,1,72,1,1.00,"2020-09-18 19:47:09","admin","",""
101,1,73,1,1.00,"2020-09-18 19:47:12","admin","",""
102,1,74,1,1.00,"2020-09-18 19:47:15","admin","",""
103,1,75,1,1.00,"2020-09-18 19:47:17","admin","",""
104,1,76,1,1.00,"2020-09-18 19:47:21","admin","",""
105,1,77,1,1.00,"2020-09-18 19:47:23","admin","",""
106,1,78,1,1.00,"2020-09-18 19:47:26","admin","",""
107,1,79,1,1.00,"2020-09-18 19:47:30","admin","",""
108,1,80,1,1.00,"2020-09-18 19:47:37","admin","",""
109,1,81,1,1.00,"2020-09-18 19:47:40","admin","",""
110,1,82,1,1.00,"2020-09-18 19:47:44","admin","",""
111,1,83,1,1.00,"2020-09-18 19:47:47","admin","",""
112,1,84,1,1.00,"2020-09-18 19:47:49","admin","",""
113,1,85,1,1.00,"2020-09-18 19:47:52","admin","",""
114,1,86,1,1.00,"2020-09-18 19:47:54","admin","",""
115,1,87,1,1.00,"2020-09-18 19:47:57","admin","",""
116,1,88,1,1.00,"2020-09-18 19:50:56","admin","",""
117,1,89,1,1.00,"2020-09-18 19:50:59","admin","",""
118,1,90,1,1.00,"2020-09-18 19:51:02","admin","",""
119,1,91,1,1.00,"2020-09-18 19:51:05","admin","",""
120,1,92,1,1.00,"2020-09-18 19:51:08","admin","",""
121,1,93,1,1.00,"2020-09-18 19:51:10","admin","",""
122,1,94,1,1.00,"2020-09-18 19:51:13","admin","",""
123,1,95,1,1.00,"2020-09-18 19:51:15","admin","",""
124,1,96,1,1.00,"2020-09-18 19:51:17","admin","",""
125,1,97,1,1.00,"2020-09-18 19:51:20","admin","",""
126,1,98,1,1.00,"2020-09-18 19:51:23","admin","",""
127,1,99,1,1.00,"2020-09-18 19:51:25","admin","",""
128,1,100,1,1.00,"2020-09-18 19:51:28","admin","",""
129,1,101,1,1.00,"2020-09-18 19:51:30","admin","",""
130,1,102,1,1.00,"2020-09-18 19:51:33","admin","",""
131,1,103,1,1.00,"2020-09-18 19:51:36","admin","",""
132,1,104,1,1.00,"2020-09-18 19:51:38","admin","",""
133,1,105,1,1.00,"2020-09-18 19:51:40","admin","",""
134,1,106,1,1.00,"2020-09-18 19:51:43","admin","",""
135,1,107,1,1.00,"2020-09-18 19:51:45","admin","",""
136,1,108,1,1.00,"2020-09-18 19:51:48","admin","",""
137,1,109,1,1.00,"2020-09-18 19:51:51","admin","",""
138,1,110,1,1.00,"2020-09-18 19:51:54","admin","",""
139,1,111,1,1.00,"2020-09-18 19:51:56","admin","",""
140,1,112,1,1.00,"2020-09-18 19:51:59","admin","",""
141,1,113,1,1.00,"2020-09-18 19:52:02","admin","",""
142,1,114,1,1.00,"2020-09-18 19:52:05","admin","",""
143,1,115,1,1.00,"2020-09-18 19:52:10","admin","",""
144,1,116,1,1.00,"2020-09-18 19:52:13","admin","",""
145,1,117,1,1.00,"2020-09-18 19:52:16","admin","",""
146,1,118,1,1.00,"2020-09-18 19:52:18","admin","",""
147,1,119,1,1.00,"2020-09-18 19:52:22","admin","",""
148,1,120,1,1.00,"2020-09-18 19:52:24","admin","",""
149,1,121,1,1.00,"2020-09-18 19:52:26","admin","",""
150,1,122,1,1.00,"2020-09-18 19:52:29","admin","",""
151,1,123,1,1.00,"2020-09-18 19:52:31","admin","",""
152,1,124,1,1.00,"2020-09-18 19:52:34","admin","",""
153,1,125,1,1.00,"2020-09-18 19:52:36","admin","",""
154,1,126,1,1.00,"2020-09-18 19:52:40","admin","",""
155,1,127,1,1.00,"2020-09-18 19:52:44","admin","",""
156,1,128,1,1.00,"2020-09-18 19:52:46","admin","",""
157,1,129,1,1.00,"2020-09-18 19:52:48","admin","",""
158,1,130,1,1.00,"2020-09-18 19:52:52","admin","",""
159,1,131,1,1.00,"2020-09-18 19:52:54","admin","",""
160,1,132,1,1.00,"2020-09-18 19:52:58","admin","",""
161,1,133,1,1.00,"2020-09-18 19:53:00","admin","",""
162,1,134,1,1.00,"2020-09-18 19:53:03","admin","",""
163,1,135,1,1.00,"2020-09-18 19:53:05","admin","",""
164,1,136,1,1.00,"2020-09-18 19:53:07","admin","",""
165,1,137,1,1.00,"2020-09-18 19:53:10","admin","",""
166,1,138,1,1.00,"2020-09-18 19:53:13","admin","",""
167,1,139,1,1.00,"2020-09-18 19:53:16","admin","",""
168,1,140,1,1.00,"2020-09-18 19:53:19","admin","",""
169,1,141,1,1.00,"2020-09-18 19:53:21","admin","",""
170,1,142,1,1.00,"2020-09-18 19:53:24","admin","",""
171,1,143,1,1.00,"2020-09-18 19:53:26","admin","",""
172,1,144,1,1.00,"2020-09-18 19:53:32","admin","",""
173,1,145,1,1.00,"2020-09-18 19:53:35","admin","",""
174,1,146,1,1.00,"2020-09-18 19:53:38","admin","",""
175,1,147,1,1.00,"2020-09-18 19:53:40","admin","",""
176,1,148,1,1.00,"2020-09-18 19:53:44","admin","",""
177,1,149,1,1.00,"2020-09-18 19:53:46","admin","",""
178,1,150,1,1.00,"2020-09-18 19:53:49","admin","",""
179,1,151,1,1.00,"2020-09-18 19:53:51","admin","",""
180,1,152,1,1.00,"2020-09-18 19:54:25","admin","",""
181,1,153,1,1.00,"2020-09-18 19:54:28","admin","",""
182,1,154,1,1.00,"2020-09-18 19:54:30","admin","",""
183,1,155,1,1.00,"2020-09-18 19:54:33","admin","",""
184,1,156,1,1.00,"2020-09-18 19:54:36","admin","",""
185,1,157,1,1.00,"2020-09-18 19:54:38","admin","",""
186,1,158,1,1.00,"2020-09-18 19:54:41","admin","",""
187,1,159,1,1.00,"2020-09-18 19:54:43","admin","",""
188,1,160,1,1.00,"2020-09-18 19:54:46","admin","",""
189,1,161,1,1.00,"2020-09-18 19:54:49","admin","",""
190,1,162,1,1.00,"2020-09-18 19:54:51","admin","",""
191,1,163,1,1.00,"2020-09-18 19:54:54","admin","",""
192,1,164,1,1.00,"2020-09-18 19:54:57","admin","",""
193,1,165,1,1.00,"2020-09-18 19:55:01","admin","",""
194,1,166,1,1.00,"2020-09-18 19:55:04","admin","",""
195,1,167,1,1.00,"2020-09-18 19:55:07","admin","",""
196,1,168,1,1.00,"2020-09-18 19:55:10","admin","",""
197,1,169,1,1.00,"2020-09-18 19:55:12","admin","",""
198,1,170,1,1.00,"2020-09-18 19:55:15","admin","",""
199,1,171,1,1.00,"2020-09-18 19:55:18","admin","",""
200,1,172,1,1.00,"2020-09-18 19:55:20","admin","",""
201,1,173,1,1.00,"2020-09-18 19:55:22","admin","",""
202,1,174,1,1.00,"2020-09-18 19:55:25","admin","",""
203,1,175,1,1.00,"2020-09-18 19:55:27","admin","",""
204,1,176,1,1.00,"2020-09-18 19:55:31","admin","",""
205,1,177,1,1.00,"2020-09-18 19:55:34","admin","",""
206,1,178,1,1.00,"2020-09-18 19:55:37","admin","",""
207,1,179,1,1.00,"2020-09-18 19:55:39","admin","",""
208,1,180,1,1.00,"2020-09-18 19:55:43","admin","",""
209,1,181,1,1.00,"2020-09-18 19:55:45","admin","",""
210,1,182,1,1.00,"2020-09-18 19:55:51","admin","",""
211,1,183,1,1.00,"2020-09-18 19:55:53","admin","",""
212,1,184,1,1.00,"2020-09-18 19:55:56","admin","",""
213,1,185,1,1.00,"2020-09-18 19:56:01","admin","",""
214,1,186,1,1.00,"2020-09-18 19:56:03","admin","",""
215,1,187,1,1.00,"2020-09-18 19:56:05","admin","",""
216,1,188,1,1.00,"2020-09-18 19:56:08","admin","",""
217,1,189,1,1.00,"2020-09-18 19:56:11","admin","",""
218,1,190,1,1.00,"2020-09-18 19:56:14","admin","",""
219,1,191,1,1.00,"2020-09-18 19:56:17","admin","",""
220,1,192,1,1.00,"2020-09-18 19:56:20","admin","",""
221,1,193,1,1.00,"2020-09-18 19:56:23","admin","",""
222,1,194,1,1.00,"2020-09-18 19:56:25","admin","",""
223,1,195,1,1.00,"2020-09-18 19:56:28","admin","",""
224,1,196,1,1.00,"2020-09-18 19:56:31","admin","",""
225,1,197,1,1.00,"2020-09-18 19:56:34","admin","",""
226,1,198,1,1.00,"2020-09-18 19:56:36","admin","",""
227,1,199,1,1.00,"2020-09-18 19:56:39","admin","",""
228,1,200,1,1.00,"2020-09-18 19:56:41","admin","",""
229,1,201,1,1.00,"2020-09-18 19:56:43","admin","",""
230,1,202,1,1.00,"2020-09-18 19:56:46","admin","",""
231,1,203,1,1.00,"2020-09-18 19:56:49","admin","",""
232,1,204,1,1.00,"2020-09-18 19:56:58","admin","",""
233,1,205,1,1.00,"2020-09-18 19:57:01","admin","",""
234,1,206,1,1.00,"2020-09-18 19:57:03","admin","",""
235,1,207,1,1.00,"2020-09-18 19:57:06","admin","",""
236,1,208,1,1.00,"2020-09-18 19:57:10","admin","",""
237,1,209,1,1.00,"2020-09-18 19:57:12","admin","",""
238,1,210,1,1.00,"2020-09-18 19:57:15","admin","",""
239,1,211,1,1.00,"2020-09-18 19:57:17","admin","",""
240,1,212,1,1.00,"2020-09-18 19:57:20","admin","",""
241,1,213,1,1.00,"2020-09-18 19:57:22","admin","",""
242,1,214,1,1.00,"2020-09-18 19:57:25","admin","",""
243,1,215,1,1.00,"2020-09-18 19:57:29","admin","",""
244,1,216,1,1.00,"2020-09-18 19:57:37","admin","",""
245,1,217,1,1.00,"2020-09-18 19:57:40","admin","",""
246,1,218,1,1.00,"2020-09-18 19:57:43","admin","",""
247,1,219,1,1.00,"2020-09-18 19:57:45","admin","",""
248,1,220,1,1.00,"2020-09-18 19:57:48","admin","",""
249,1,221,1,1.00,"2020-09-18 19:57:50","admin","",""
250,1,222,1,1.00,"2020-09-18 19:57:52","admin","",""
251,1,223,1,1.00,"2020-09-18 19:57:55","admin","",""
252,1,224,1,1.00,"2020-09-18 19:57:58","admin","",""
253,1,225,1,1.00,"2020-09-18 19:58:01","admin","",""
254,1,226,1,1.00,"2020-09-18 19:58:04","admin","",""
255,1,227,1,1.00,"2020-09-18 19:58:10","admin","",""
256,1,228,1,1.00,"2020-09-18 19:58:13","admin","",""
257,1,229,1,1.00,"2020-09-18 19:58:15","admin","",""
258,1,230,1,1.00,"2020-09-18 19:58:19","admin","",""
259,1,231,1,1.00,"2020-09-18 19:58:22","admin","",""
260,1,232,1,1.00,"2020-09-18 19:58:24","admin","",""
261,1,233,1,1.00,"2020-09-18 19:58:26","admin","",""
262,1,234,1,1.00,"2020-09-18 19:58:29","admin","",""
263,1,235,1,1.00,"2020-09-18 19:58:31","admin","",""
264,1,236,1,1.00,"2020-09-18 19:58:33","admin","",""
265,1,237,1,1.00,"2020-09-18 19:58:36","admin","",""
266,1,238,1,1.00,"2020-09-18 19:58:39","admin","",""
267,1,239,1,1.00,"2020-09-18 19:58:43","admin","",""
268,1,240,1,1.00,"2020-09-18 19:58:46","admin","",""
269,1,241,1,1.00,"2020-09-18 19:59:35","admin","",""
270,1,242,1,1.00,"2020-09-18 19:59:38","admin","",""
271,1,243,1,1.00,"2020-09-18 19:59:40","admin","",""
272,1,244,1,1.00,"2020-09-18 19:59:43","admin","",""
273,1,245,1,1.00,"2020-09-18 19:59:46","admin","",""
274,1,246,1,1.00,"2020-09-18 19:59:48","admin","",""
275,1,247,1,1.00,"2020-09-18 19:59:50","admin","",""
276,1,248,1,1.00,"2020-09-18 19:59:53","admin","",""
277,1,249,1,1.00,"2020-09-18 19:59:56","admin","",""
278,1,250,1,1.00,"2020-09-18 19:59:58","admin","",""
279,1,251,1,1.00,"2020-09-18 20:00:00","admin","",""
280,1,252,1,1.00,"2020-09-18 20:00:02","admin","",""
281,1,253,1,1.00,"2020-09-18 20:00:05","admin","",""
282,1,254,1,1.00,"2020-09-18 20:00:08","admin","",""
283,1,255,1,1.00,"2020-09-18 20:00:10","admin","",""
284,1,256,1,1.00,"2020-09-18 20:00:13","admin","",""
285,1,257,1,1.00,"2020-09-18 20:00:16","admin","",""
286,1,258,1,1.00,"2020-09-18 20:00:20","admin","",""
287,1,259,1,1.00,"2020-09-18 20:00:23","admin","",""
288,1,260,1,1.00,"2020-09-18 20:00:26","admin","",""
289,1,261,1,1.00,"2020-09-18 20:00:29","admin","",""
290,1,262,1,1.00,"2020-09-18 20:00:32","admin","",""
291,1,263,1,1.00,"2020-09-18 20:00:35","admin","",""
292,1,264,1,1.00,"2020-09-18 20:00:37","admin","",""
293,1,265,1,1.00,"2020-09-18 20:00:40","admin","",""
294,1,266,1,1.00,"2020-09-18 20:00:42","admin","",""
295,1,267,1,1.00,"2020-09-18 20:00:45","admin","",""
296,1,268,1,1.00,"2020-09-18 20:02:07","admin","",""
297,1,269,1,1.00,"2020-09-18 20:02:10","admin","",""
298,1,270,1,1.00,"2020-09-18 20:02:13","admin","",""
299,1,271,1,1.00,"2020-09-18 20:02:15","admin","",""
300,1,272,1,1.00,"2020-09-18 20:02:18","admin","",""
301,1,273,1,1.00,"2020-09-18 20:02:20","admin","",""
302,1,274,1,1.00,"2020-09-18 20:02:23","admin","",""
303,1,275,1,1.00,"2020-09-18 20:02:26","admin","",""
304,1,276,1,1.00,"2020-09-18 20:02:29","admin","",""
305,1,277,1,1.00,"2020-09-18 20:02:32","admin","",""
306,1,278,1,1.00,"2020-09-18 20:02:35","admin","",""
307,1,279,1,1.00,"2020-09-18 20:02:38","admin","",""
308,1,280,1,1.00,"2020-09-18 20:02:40","admin","",""
309,1,281,1,1.00,"2020-09-18 20:02:43","admin","",""
310,1,282,1,1.00,"2020-09-18 20:02:46","admin","",""
311,1,283,1,1.00,"2020-09-18 20:02:48","admin","",""
312,1,284,1,1.00,"2020-09-18 20:02:51","admin","",""
313,1,285,1,1.00,"2020-09-18 20:02:56","admin","",""
314,1,286,1,1.00,"2020-09-18 20:02:58","admin","",""
315,1,287,1,1.00,"2020-09-18 20:03:02","admin","",""
316,1,288,1,1.00,"2020-09-18 20:03:04","admin","",""
317,1,289,1,1.00,"2020-09-18 20:03:07","admin","",""
318,1,290,1,1.00,"2020-09-18 20:03:09","admin","",""
319,1,291,1,1.00,"2020-09-18 20:03:12","admin","",""
320,1,292,1,1.00,"2020-09-18 20:03:15","admin","",""
321,1,293,1,1.00,"2020-09-18 20:03:17","admin","",""
322,1,294,1,1.00,"2020-09-18 20:03:20","admin","",""
323,1,295,1,1.00,"2020-09-18 20:03:23","admin","",""
324,1,296,1,1.00,"2020-09-18 20:03:26","admin","",""
325,1,297,1,1.00,"2020-09-18 20:03:29","admin","",""
326,1,298,1,1.00,"2020-09-18 20:03:32","admin","",""
327,1,299,1,1.00,"2020-09-18 20:03:34","admin","",""
328,1,300,1,1.00,"2020-09-18 20:03:37","admin","",""
329,1,301,1,1.00,"2020-09-18 20:03:39","admin","",""
330,1,302,1,1.00,"2020-09-18 20:03:42","admin","",""
331,1,303,1,1.00,"2020-09-18 20:03:45","admin","",""
332,1,304,1,1.00,"2020-09-18 20:03:48","admin","",""
333,1,305,1,1.00,"2020-09-18 20:03:50","admin","",""
334,1,306,1,1.00,"2020-09-18 20:03:54","admin","",""
335,1,307,1,1.00,"2020-09-18 20:03:57","admin","",""
336,1,308,1,1.00,"2020-09-18 20:03:59","admin","",""
337,1,309,1,1.00,"2020-09-18 20:04:02","admin","",""
338,1,310,1,1.00,"2020-09-18 20:04:04","admin","",""
339,1,311,1,1.00,"2020-09-18 20:04:07","admin","",""
340,1,312,1,1.00,"2020-09-18 20:04:10","admin","",""
341,1,313,1,1.00,"2020-09-18 20:04:12","admin","",""
342,1,314,1,1.00,"2020-09-18 20:04:16","admin","",""
343,1,315,1,1.00,"2020-09-18 20:04:19","admin","",""
344,1,316,1,1.00,"2020-09-18 20:04:22","admin","",""
345,1,317,1,1.00,"2020-09-18 20:04:26","admin","",""
346,1,318,1,1.00,"2020-09-18 20:04:28","admin","",""
347,1,319,1,1.00,"2020-09-18 20:04:31","admin","",""
348,1,320,1,1.00,"2020-09-18 20:04:34","admin","",""
349,1,321,1,1.00,"2020-09-18 20:04:36","admin","",""
350,1,322,1,1.00,"2020-09-18 20:04:39","admin","",""
351,1,323,1,1.00,"2020-09-18 20:04:42","admin","",""
352,1,324,1,1.00,"2020-09-18 20:04:46","admin","",""
353,1,325,1,1.00,"2020-09-18 20:04:48","admin","",""
354,1,326,1,1.00,"2020-09-18 20:04:52","admin","",""
355,1,327,1,1.00,"2020-09-18 20:04:54","admin","",""
356,1,328,1,1.00,"2020-09-18 20:04:57","admin","",""
357,1,329,1,1.00,"2020-09-18 20:05:02","admin","",""
358,1,330,1,1.00,"2020-09-18 20:05:05","admin","",""
359,1,331,1,1.00,"2020-09-18 20:05:08","admin","",""
360,1,332,1,1.00,"2020-09-18 20:05:11","admin","",""
361,1,333,1,1.00,"2020-09-18 20:05:14","admin","",""
362,1,334,1,1.00,"2020-09-18 20:05:16","admin","",""
363,1,335,1,1.00,"2020-09-18 20:05:18","admin","",""
364,1,336,1,1.00,"2020-09-18 20:05:21","admin","",""
365,1,337,1,1.00,"2020-09-18 20:05:24","admin","",""
366,1,338,1,1.00,"2020-09-18 20:05:26","admin","",""
367,1,339,1,1.00,"2020-09-18 20:05:30","admin","",""
368,1,340,1,1.00,"2020-09-18 20:05:33","admin","",""
369,1,341,1,1.00,"2020-09-18 20:05:35","admin","",""
370,1,342,1,1.00,"2020-09-18 20:05:38","admin","",""
371,1,343,1,1.00,"2020-09-18 20:05:41","admin","",""
372,1,344,1,1.00,"2020-09-18 20:05:52","admin","",""
373,1,345,1,1.00,"2020-09-18 20:05:55","admin","",""
374,1,346,1,1.00,"2020-09-18 20:05:58","admin","",""
375,1,347,1,1.00,"2020-09-18 20:06:02","admin","",""
376,1,348,1,1.00,"2020-09-18 20:06:04","admin","",""
377,1,349,1,1.00,"2020-09-18 20:06:08","admin","",""
378,1,350,1,1.00,"2020-09-18 20:06:10","admin","",""
379,1,351,1,1.00,"2020-09-18 20:06:12","admin","",""
380,1,352,1,1.00,"2020-09-18 20:06:15","admin","",""
381,1,353,1,1.00,"2020-09-18 20:06:18","admin","",""
382,1,354,1,1.00,"2020-09-18 20:06:21","admin","",""
383,1,355,1,1.00,"2020-09-18 20:06:23","admin","",""
384,1,356,1,1.00,"2020-09-18 20:06:26","admin","",""
385,1,357,1,1.00,"2020-09-18 20:06:29","admin","",""
386,1,358,1,1.00,"2020-09-18 20:06:32","admin","",""
387,1,359,1,1.00,"2020-09-18 20:06:34","admin","",""
388,1,360,1,1.00,"2020-09-18 20:06:37","admin","",""
389,1,361,1,1.00,"2020-09-18 20:06:40","admin","",""
390,1,362,1,1.00,"2020-09-18 20:06:43","admin","",""
391,1,363,1,1.00,"2020-09-18 20:09:21","admin","",""
392,1,364,1,1.00,"2020-09-18 20:09:23","admin","",""
393,1,365,1,1.00,"2020-09-18 20:09:26","admin","",""
394,1,366,1,1.00,"2020-09-18 20:09:29","admin","",""
395,1,367,1,1.00,"2020-09-18 20:09:33","admin","",""
396,1,368,1,1.00,"2020-09-18 20:09:36","admin","",""
397,1,369,1,1.00,"2020-09-18 20:09:39","admin","",""
398,1,370,1,1.00,"2020-09-18 20:09:42","admin","",""
399,1,371,1,1.00,"2020-09-18 20:09:44","admin","",""
400,1,372,1,1.00,"2020-09-18 20:09:47","admin","",""
401,1,373,1,1.00,"2020-09-18 20:09:50","admin","",""
402,1,374,1,1.00,"2020-09-18 20:09:53","admin","",""
403,1,375,1,1.00,"2020-09-18 20:09:55","admin","",""
404,1,376,1,1.00,"2020-09-18 20:10:00","admin","",""
405,1,377,1,1.00,"2020-09-18 20:10:02","admin","",""
406,1,378,1,1.00,"2020-09-18 20:10:06","admin","",""
407,1,379,1,1.00,"2020-09-18 20:10:08","admin","",""
408,1,380,1,1.00,"2020-09-18 20:10:11","admin","",""
409,1,381,1,1.00,"2020-09-18 20:10:14","admin","",""
410,1,382,1,1.00,"2020-09-18 20:10:17","admin","",""
411,1,383,1,1.00,"2020-09-18 20:10:19","admin","",""
412,1,384,1,1.00,"2020-09-18 20:10:22","admin","",""
413,1,385,1,1.00,"2020-09-18 20:10:25","admin","",""
414,1,386,1,1.00,"2020-09-18 20:10:27","admin","",""
415,1,387,1,1.00,"2020-09-18 20:10:31","admin","",""
416,1,388,1,1.00,"2020-09-18 20:10:33","admin","",""
417,1,389,1,1.00,"2020-09-18 20:10:36","admin","",""
418,1,390,1,1.00,"2020-09-18 20:10:38","admin","",""
419,1,391,1,1.00,"2020-09-18 20:10:41","admin","",""
420,1,392,1,1.00,"2020-09-18 20:10:44","admin","",""
421,1,393,1,1.00,"2020-09-18 20:10:48","admin","",""
422,1,394,1,1.00,"2020-09-18 20:10:50","admin","",""
423,1,395,1,1.00,"2020-09-18 20:10:52","admin","",""
424,1,396,1,1.00,"2020-09-18 20:10:55","admin","",""
425,1,397,1,1.00,"2020-09-18 20:10:58","admin","",""
426,1,398,1,1.00,"2020-09-18 20:11:02","admin","",""
427,1,399,1,1.00,"2020-09-18 20:11:04","admin","",""
428,1,400,1,1.00,"2020-09-18 20:11:07","admin","",""
429,1,401,1,1.00,"2020-09-18 20:11:09","admin","",""
430,1,402,1,1.00,"2020-09-18 20:11:12","admin","",""
431,1,403,1,1.00,"2020-09-18 20:11:14","admin","",""
432,1,404,1,1.00,"2020-09-18 20:11:17","admin","",""
433,1,405,1,1.00,"2020-09-18 20:11:38","admin","",""
434,1,406,1,1.00,"2020-09-18 20:11:41","admin","",""
435,1,407,1,1.00,"2020-09-18 20:11:45","admin","",""
436,1,408,1,1.00,"2020-09-18 20:11:47","admin","",""
437,1,409,1,1.00,"2020-09-18 20:11:50","admin","",""
438,1,410,1,1.00,"2020-09-18 20:11:52","admin","",""
439,1,411,1,1.00,"2020-09-18 20:11:54","admin","",""
440,1,412,1,1.00,"2020-09-18 20:11:57","admin","",""
441,1,413,1,1.00,"2020-09-18 20:11:59","admin","",""
442,1,414,1,1.00,"2020-09-18 20:12:02","admin","",""
443,1,415,1,1.00,"2020-09-18 20:12:05","admin","",""
444,1,416,1,1.00,"2020-09-18 20:12:07","admin","",""
445,1,417,1,1.00,"2020-09-18 20:12:10","admin","",""
446,1,418,1,1.00,"2020-09-18 20:12:13","admin","",""
447,1,419,1,1.00,"2020-09-18 20:12:15","admin","",""
448,1,420,1,1.00,"2020-09-18 20:12:18","admin","",""
449,1,421,1,1.00,"2020-09-18 20:12:21","admin","",""
450,1,422,1,1.00,"2020-09-18 20:12:24","admin","",""
451,1,423,1,1.00,"2020-09-18 20:12:27","admin","",""
452,1,424,1,1.00,"2020-09-18 20:12:30","admin","",""
453,1,425,1,1.00,"2020-09-18 20:12:40","admin","",""
454,1,426,1,1.00,"2020-09-18 20:12:42","admin","",""
455,1,427,1,1.00,"2020-09-18 20:12:45","admin","",""
456,1,428,1,1.00,"2020-09-18 20:12:48","admin","",""
457,1,429,1,1.00,"2020-09-18 20:12:50","admin","",""
458,1,430,1,1.00,"2020-09-18 20:12:53","admin","",""
459,1,431,1,1.00,"2020-09-18 20:12:56","admin","",""
460,1,432,1,1.00,"2020-09-18 20:12:59","admin","",""
461,1,433,1,1.00,"2020-09-18 20:13:01","admin","",""
462,1,434,1,1.00,"2020-09-18 20:13:04","admin","",""
463,1,435,1,1.00,"2020-09-18 20:13:07","admin","",""
464,1,436,1,1.00,"2020-09-18 20:13:10","admin","",""
465,1,437,1,1.00,"2020-09-18 20:13:12","admin","",""
466,1,438,1,1.00,"2020-09-18 20:13:15","admin","",""
467,1,439,1,1.00,"2020-09-18 20:13:18","admin","",""
468,1,440,1,1.00,"2020-09-18 20:13:20","admin","",""
469,1,441,1,1.00,"2020-09-18 20:13:23","admin","",""
470,1,442,1,1.00,"2020-09-18 20:17:40","admin","",""
471,1,443,1,1.00,"2020-09-18 20:17:43","admin","",""
472,1,444,1,1.00,"2020-09-18 20:17:46","admin","",""
473,1,445,1,1.00,"2020-09-18 20:17:49","admin","",""
474,1,446,1,1.00,"2020-09-18 20:17:52","admin","",""
475,1,447,1,1.00,"2020-09-18 20:17:55","admin","",""
476,1,448,1,1.00,"2020-09-18 20:17:58","admin","",""
477,1,449,1,1.00,"2020-09-18 20:18:01","admin","",""
478,1,450,1,1.00,"2020-09-18 20:18:03","admin","",""
479,1,451,1,1.00,"2020-09-18 20:19:22","admin","",""
480,1,452,1,1.00,"2020-09-18 20:19:24","admin","",""
481,1,453,1,1.00,"2020-09-18 20:19:27","admin","",""
482,1,454,1,1.00,"2020-09-18 20:19:30","admin","",""
483,1,455,1,1.00,"2020-09-18 20:19:32","admin","",""
484,1,456,1,1.00,"2020-09-18 20:19:36","admin","",""
485,1,457,1,1.00,"2020-09-18 20:19:40","admin","",""
486,1,458,1,1.00,"2020-09-18 20:19:42","admin","",""
487,1,459,1,1.00,"2020-09-18 20:19:45","admin","",""
488,1,460,1,1.00,"2020-09-18 20:19:48","admin","",""
489,1,461,1,1.00,"2020-09-18 20:19:50","admin","",""
490,1,462,1,1.00,"2020-09-18 20:19:52","admin","",""
491,1,463,1,1.00,"2020-09-18 20:20:03","admin","",""
492,1,464,1,1.00,"2020-09-18 20:20:07","admin","",""
493,1,465,1,1.00,"2020-09-18 20:20:10","admin","",""
494,1,466,1,1.00,"2020-09-18 20:20:14","admin","",""
495,1,467,1,1.00,"2020-09-18 20:20:17","admin","",""
496,1,468,1,1.00,"2020-09-18 20:20:19","admin","",""
497,1,469,1,1.00,"2020-09-18 20:20:21","admin","",""
498,1,470,1,1.00,"2020-09-18 20:20:24","admin","",""
499,1,471,1,1.00,"2020-09-18 20:20:26","admin","",""
500,1,472,1,1.00,"2020-09-18 20:20:28","admin","",""
501,1,473,1,1.00,"2020-09-18 20:20:31","admin","",""
502,1,474,1,1.00,"2020-09-18 20:20:34","admin","",""
503,1,475,1,1.00,"2020-09-18 20:20:37","admin","",""
504,1,476,1,1.00,"2020-09-18 20:20:40","admin","",""
505,1,477,1,1.00,"2020-09-18 20:20:42","admin","",""
506,1,478,1,1.00,"2020-09-18 20:20:45","admin","",""
507,1,479,1,1.00,"2020-09-18 20:20:49","admin","",""
508,1,480,1,1.00,"2020-09-18 20:20:52","admin","",""
509,1,481,1,1.00,"2020-09-18 20:20:55","admin","",""
510,1,482,1,1.00,"2020-09-18 20:20:57","admin","",""
511,1,483,1,1.00,"2020-09-18 20:21:01","admin","",""
512,1,484,1,1.00,"2020-09-18 20:21:03","admin","",""
513,1,485,1,1.00,"2020-09-18 20:21:06","admin","",""
514,1,486,1,1.00,"2020-09-18 20:21:09","admin","",""
515,1,487,1,1.00,"2020-09-18 20:21:12","admin","",""
516,1,488,1,1.00,"2020-09-18 20:21:14","admin","",""
517,1,489,1,1.00,"2020-09-18 20:21:17","admin","",""
518,1,490,1,1.00,"2020-09-18 20:21:19","admin","",""
519,1,491,1,1.00,"2020-09-18 20:21:22","admin","",""
520,1,492,1,1.00,"2020-09-18 20:21:24","admin","",""
521,1,493,1,1.00,"2020-09-18 20:21:26","admin","",""
522,1,494,1,1.00,"2020-09-18 20:21:29","admin","",""
523,1,495,1,1.00,"2020-09-18 20:21:32","admin","",""
524,1,496,1,1.00,"2020-09-18 20:21:35","admin","",""
525,1,497,1,1.00,"2020-09-18 20:21:38","admin","",""
526,1,498,1,1.00,"2020-09-18 20:21:40","admin","",""
527,1,499,1,1.00,"2020-09-18 20:21:42","admin","",""
528,1,500,1,1.00,"2020-09-18 20:21:53","admin","",""
529,1,501,1,1.00,"2020-09-18 20:21:56","admin","",""
530,1,502,1,1.00,"2020-09-18 20:21:58","admin","",""
531,1,503,1,1.00,"2020-09-18 20:22:01","admin","",""
532,1,504,1,1.00,"2020-09-18 20:22:03","admin","",""
533,1,505,1,1.00,"2020-09-18 20:22:05","admin","",""
534,1,506,1,1.00,"2020-09-18 20:22:08","admin","",""
535,1,507,1,1.00,"2020-09-18 20:22:11","admin","",""
536,1,508,1,1.00,"2020-09-18 20:22:14","admin","",""
537,1,509,1,1.00,"2020-09-18 20:22:17","admin","",""
538,1,510,1,1.00,"2020-09-18 20:22:21","admin","",""
539,1,511,1,1.00,"2020-09-18 20:22:24","admin","",""
540,1,512,1,1.00,"2020-09-18 20:22:26","admin","",""
541,1,513,1,1.00,"2020-09-18 20:22:29","admin","",""
542,1,514,1,1.00,"2020-09-18 20:24:13","admin","",""
543,1,515,1,1.00,"2020-09-18 20:24:16","admin","",""
544,1,516,1,1.00,"2020-09-18 20:24:19","admin","",""
545,1,517,1,1.00,"2020-09-18 20:24:22","admin","",""
546,1,518,1,1.00,"2020-09-18 20:24:24","admin","",""
547,1,519,1,1.00,"2020-09-18 20:24:26","admin","",""
548,1,520,1,1.00,"2020-09-18 20:24:29","admin","",""
549,1,521,1,1.00,"2020-09-18 20:24:31","admin","",""
550,1,522,1,1.00,"2020-09-18 20:24:34","admin","",""
551,1,523,1,1.00,"2020-09-18 20:24:37","admin","",""
552,1,524,1,1.00,"2020-09-18 20:24:41","admin","",""
553,1,525,1,1.00,"2020-09-18 20:24:43","admin","",""
554,1,526,1,1.00,"2020-09-18 20:24:46","admin","",""
555,1,527,1,1.00,"2020-09-18 20:24:48","admin","",""
556,1,528,1,1.00,"2020-09-18 20:24:51","admin","",""
557,1,529,1,1.00,"2020-09-18 20:24:54","admin","",""
558,1,530,1,1.00,"2020-09-18 20:24:56","admin","",""
559,1,531,1,1.00,"2020-09-18 20:24:59","admin","",""
560,1,532,1,1.00,"2020-09-18 20:25:12","admin","",""
561,1,533,1,1.00,"2020-09-18 20:25:15","admin","",""
562,1,534,1,1.00,"2020-09-18 20:25:17","admin","",""
563,1,535,1,1.00,"2020-09-18 20:25:20","admin","",""
564,1,536,1,1.00,"2020-09-18 20:25:24","admin","",""
565,1,537,1,1.00,"2020-09-18 20:25:28","admin","",""
566,1,538,1,1.00,"2020-09-18 20:25:31","admin","",""
567,1,539,1,1.00,"2020-09-18 20:25:33","admin","",""
568,1,540,1,1.00,"2020-09-18 20:25:35","admin","",""
569,1,541,1,1.00,"2020-09-18 20:25:38","admin","",""
570,1,542,1,1.00,"2020-09-18 20:25:40","admin","",""
571,1,543,1,1.00,"2020-09-18 20:25:45","admin","",""
572,1,544,1,1.00,"2020-09-18 20:25:48","admin","",""
573,1,545,1,1.00,"2020-09-18 20:25:51","admin","",""
574,1,546,1,1.00,"2020-09-18 20:25:55","admin","",""
575,1,547,1,1.00,"2020-09-18 20:25:57","admin","",""
576,1,548,1,1.00,"2020-09-18 20:26:00","admin","",""
577,1,549,1,1.00,"2020-09-18 20:26:02","admin","",""
578,1,550,1,1.00,"2020-09-18 20:26:19","admin","",""
579,1,551,1,1.00,"2020-09-18 20:26:21","admin","",""
580,1,552,1,1.00,"2020-09-18 20:26:24","admin","",""
581,1,553,1,1.00,"2020-09-18 20:26:26","admin","",""
582,1,554,1,1.00,"2020-09-18 20:26:28","admin","",""
583,1,555,1,1.00,"2020-09-18 20:26:30","admin","",""
584,1,556,1,1.00,"2020-09-18 20:26:33","admin","",""
585,1,557,1,1.00,"2020-09-18 20:26:36","admin","",""
586,1,558,1,1.00,"2020-09-18 20:26:38","admin","",""
587,1,559,1,1.00,"2020-09-18 20:26:40","admin","",""
588,1,560,1,1.00,"2020-09-18 20:26:43","admin","",""
589,1,561,1,1.00,"2020-09-18 20:26:45","admin","",""
590,1,562,1,1.00,"2020-09-18 20:26:48","admin","",""
591,1,563,1,1.00,"2020-09-18 20:26:51","admin","",""
592,1,564,1,1.00,"2020-09-18 20:26:53","admin","",""
593,1,565,1,1.00,"2020-09-18 20:26:56","admin","",""
594,1,566,1,1.00,"2020-09-18 20:26:58","admin","",""
595,1,567,1,1.00,"2020-09-18 20:27:01","admin","",""
596,1,568,1,1.00,"2020-09-18 20:27:03","admin","",""
597,1,569,1,1.00,"2020-09-18 20:27:06","admin","",""
598,1,570,1,1.00,"2020-09-18 20:27:08","admin","",""
599,1,571,1,1.00,"2020-09-18 20:27:10","admin","",""
600,1,572,1,1.00,"2020-09-18 20:27:13","admin","",""
601,1,573,1,1.00,"2020-09-18 20:27:15","admin","",""
602,1,574,1,1.00,"2020-09-18 20:27:18","admin","",""
603,1,575,1,1.00,"2020-09-18 20:27:20","admin","",""
604,1,576,1,1.00,"2020-09-18 20:27:22","admin","",""
605,1,577,1,1.00,"2020-09-18 20:27:26","admin","",""
